ID,Formato,Estado,Texto de la pregunta,Categoría de hábito,Avatar primario,Avatar secundario,Opciones (opción [avatar+pts]),Scoring por opción (JSON),Permite Otro,IA requerida para Otro,Umbral confianza IA,Placeholder Importe (€),Ahorro mensual interno (€),Ahorro anual interno (€),Impacto interno (no visible),Mejor día,Mejor franja,Fase del mes,Cooldown (días),Priority base,Scenario weight,Intent (técnico),Habit principle,Tono,Dificultad
Q_P_01,fill_blank,ACTIVO,Este gasto me cuesta evitarlo porque ____.,Resistencia al gasto,impulsivo,social,A) me apetece en el momento [impulsivo+2] | B) no quiero perderme el plan [social+2] | C) me resulta más cómodo [comodo+2],"[{""label"":""algo que me apetecia en ese momento sin necesitarlo"",""value"":""apetece_momento"",""scores"":{""impulsivo"":2}},{""label"":""una compra de impulso que habria lamentado despues"",""value"":""compra_impulso"",""scores"":{""impulsivo"":2}},{""label"":""un plan caro que no me apetecia realmente"",""value"":""plan_social"",""scores"":{""social"":2}},{""label"":""Otro"",""value"":""otro"",""scores"":null,""freeText"":true}]",true,true,0.7,0,0,0,,Cualquier día,Cualquiera,Cualquiera,5,10,3,resistencia_gasto,obvious,reflexivo,low
Q_P_04,fill_blank,ACTIVO,"Cuando compro algo de impulso, después me siento más ____.",Emoción post-gasto,impulsivo,desordenado,"A) satisfecho/a, me lo merezco [impulsivo+2] | B) culpable o arrepentido/a [impulsivo+3, desordenado+1] | C) indiferente, ya está hecho [desordenado+2]","[{""label"":""el almuerzo o taper para el trabajo"",""value"":""taper_trabajo"",""scores"":{""comodo"":2}},{""label"":""el desayuno o cafe de la manana"",""value"":""desayuno_casa"",""scores"":{""comodo"":2}},{""label"":""la cena, planificando en vez de improvisar"",""value"":""cena_planificada"",""scores"":{""desordenado"":2}},{""label"":""Otro"",""value"":""otro"",""scores"":null,""freeText"":true}]",true,true,0.7,0,0,0,,Cualquier día,Noche,Cualquiera,7,9,3,emociones_compra_impulsiva,obvious,reflexivo,low
Q_P_07,fill_blank,ACTIVO,"Al revisar mis gastos del mes, lo que más me sorprende es ____.",Conciencia financiera,desordenado,comodo,A) cuánto gasto en comodidad y conveniencia [comodo+2] | B) lo que me he gastado saliendo con gente [social+2] | C) los gastos pequeños que ni recuerdo [desordenado+3],"[{""label"":""suscripciones o pagos recurrentes que no uso"",""value"":""suscripcion_sin_uso"",""scores"":{""desordenado"":2}},{""label"":""gastos pequenos invisibles que se acumulan"",""value"":""gastos_invisibles"",""scores"":{""desordenado"":2}},{""label"":""compras de comodidad que no son necesarias"",""value"":""comodidad_innecesaria"",""scores"":{""comodo"":2}},{""label"":""Otro"",""value"":""otro"",""scores"":null,""freeText"":true}]",true,true,0.7,0,0,0,,"Domingo, Lunes",Mañana,Final,14,9,3,revision_mensual,satisfying,reflexivo,low
Q_P_10,fill_blank,ACTIVO,"Cuando salgo con amigos, lo más difícil para mí es ____.",Control en planes sociales,social,impulsivo,"A) decir que no a más consumiciones o rondas [social+2] | B) seguir el plan que tenía pensado [desordenado+2] | C) no gastar en lo primero que me apetece [impulsivo+2, social+1]","[{""label"":""consumiciones y rondas de mas"",""value"":""rondas"",""scores"":{""social"":2}},{""label"":""el sitio elegido, optando por algo mas economico"",""value"":""sitio_economico"",""scores"":{""social"":2}},{""label"":""las compras impulsivas que surgieron en el grupo"",""value"":""compra_grupo"",""scores"":{""impulsivo"":2}},{""label"":""Otro"",""value"":""otro"",""scores"":null,""freeText"":true}]",true,true,0.7,0,0,0,,"Viernes, Sábado, Domingo",Noche,Cualquiera,5,9,3,friccion_planes_sociales,obvious,reflexivo,medium
Q_P_13,fill_blank,ACTIVO,"Si tuviera que cambiar un hábito de gasto, empezaría por ____.",Hábito a cambiar,comodo,impulsivo,A) pedir menos delivery y cocinar más [comodo+2] | B) controlar mejor lo que gasto saliendo [social+2] | C) resistir los impulsos de comprar cosas [impulsivo+2],"[{""label"":""he cocinado en vez de pedir delivery o comida preparada"",""value"":""cocinar_vs_delivery"",""scores"":{""comodo"":2}},{""label"":""he usado transporte publico en vez de taxi o Uber"",""value"":""transporte_publico"",""scores"":{""comodo"":2}},{""label"":""he planificado la compra en vez de comprar sobre la marcha"",""value"":""compra_planificada"",""scores"":{""desordenado"":2}},{""label"":""Otro"",""value"":""otro"",""scores"":null,""freeText"":true}]",true,true,0.7,0,0,0,,"Lunes, Domingo",Mañana,Inicio,14,8,3,habito_a_cambiar,obvious,reflexivo,low
Q_P_16,fill_blank,ACTIVO,"Cuando tengo estrés o me siento bajo/a, tiendo a ____.",Gestión emocional,impulsivo,comodo,A) buscar algo cómodo que me relaje [comodo+2] | B) quedar con alguien o salir [social+2] | C) comprarme algo para sentirme mejor [impulsivo+3],"[{""label"":""algo que vi en redes sociales o publicidad"",""value"":""redes_publicidad"",""scores"":{""impulsivo"":2}},{""label"":""una oferta o descuento que me llego por mensaje"",""value"":""oferta_mensaje"",""scores"":{""impulsivo"":2}},{""label"":""un plan o gasto que propuso alguien del grupo"",""value"":""plan_grupo"",""scores"":{""social"":2}},{""label"":""Otro"",""value"":""otro"",""scores"":null,""freeText"":true}]",true,true,0.7,0,0,0,,Cualquier día,Noche,Cualquiera,7,9,3,compra_emocional_estres,obvious,reflexivo,medium
Q_P_03,amount,ACTIVO,"Si hoy has revisado tus suscripciones y cancelado o reducido alguna que no usabas, ¿cuánto te ahorras al mes?",Suscripciones,desordenado,,(importe libre),,false,false,,8,12,144,Las suscripciones olvidadas cuestan ~12 €/mes,Cualquier día,Mañana,Cualquiera,14,8,3,control_suscripciones,satisfying,motivador,low
Q_P_06,amount,ACTIVO,"Si hoy has rechazado un plan caro o propuesto una alternativa más barata a tus amigos, ¿cuánto has ahorrado?",Planes sociales,social,,(importe libre),,false,false,,15,45,540,Proponer alternativas baratas ahorra ~45 €/mes,"Jueves, Viernes, Sábado",Tarde,Cualquiera,3,9,3,control_gasto_social,attractive,motivador,medium
Q_P_09,amount,ACTIVO,"Si hoy has preparado comida en casa en vez de pedir delivery, ¿cuánto has ahorrado?",Delivery,comodo,,(importe libre),,false,false,,10,48,576,Cocinar en casa evita ~4 pedidos semanales de más,"Lunes, Martes, Miércoles, Jueves",Noche,Cualquiera,2,9,3,delivery_conveniencia,easy,motivador,medium
Q_P_12,amount,ACTIVO,"Si hoy has cerrado una app de compras o ignorado una oferta flash sin comprar nada, ¿cuánto crees que has evitado gastar?",Compra impulsiva,impulsivo,,(importe libre),,false,false,,20,40,480,Cerrar apps de compras sin comprar ahorra ~40 €/mes,Cualquier día,Noche,Cualquiera,3,9,3,resistencia_compra_impulsiva,obvious,motivador,high
Q_P_15,amount,ACTIVO,"Si hoy has identificado un gasto ""invisible"" que haces casi cada día sin notarlo (café, vending, app…), ¿cuánto suma al mes?",Microfugas,desordenado,comodo,(importe libre),,false,false,,5,20,240,Identificar microfugas es el primer paso para pararlas,Cualquier día,Noche,Cualquiera,5,8,2,conciencia_microfugas,obvious,reflexivo,low
Q_P_18,amount,ACTIVO,"Si esta semana has controlado los gastos en salidas nocturnas (copas extra, taxis, rondas), ¿cuánto menos has gastado de lo normal?",Escalada social,social,impulsivo,(importe libre),,false,false,,15,45,540,Controlar las noches que se alargan ahorra ~45 €/mes,"Lunes, Domingo",Mañana,Cualquiera,7,8,3,control_escalada_social,satisfying,motivador,high
Q_CI_01,amount,ACTIVO,"Si hoy has cocinado en casa en vez de pedir delivery, ¿cuánto te has ahorrado?",Delivery,comodo,impulsivo,,,false,false,,12,48,576,Evitar 1 pedido semanal ahorra ~48 €/mes,"Lunes, Martes, Miércoles, Jueves",Noche,Cualquiera,2,9,3,delivery_conveniencia_inmediata,easy,motivador,medium
Q_CI_02,amount,ACTIVO,"Si hoy te has preparado el café en casa en vez de comprarlo fuera, ¿cuánto te has ahorrado?",Cafés,comodo,desordenado,,,false,false,,3,45,540,Café en casa cada día laborable ahorra ~45 €/mes,Lunes a Viernes,Mañana,Cualquiera,2,7,2,cafés_conveniencia_inmediata,easy,preventivo,low
Q_CI_03,amount,ACTIVO,"Si hoy has ido andando o en transporte público en vez de coger taxi/VTC, ¿cuánto te has ahorrado?",Transporte,comodo,,,,false,false,,8,32,384,Evitar 1 taxi semanal ahorra ~32 €/mes,Lunes a Viernes,Mañana,Cualquiera,3,7,2,transporte_conveniencia_inmediata,easy,motivador,medium
Q_CI_04,amount,ACTIVO,"Si hoy has llevado comida de casa al trabajo en vez de comprar fuera, ¿cuánto te has ahorrado?",Comida,comodo,,,,false,false,,8,64,768,Llevar táper 2 días más por semana ahorra ~64 €/mes,Lunes a Viernes,Mañana,Cualquiera,2,8,3,comida_conveniencia_inmediata,easy,motivador,medium
Q_CI_05,amount,ACTIVO,"Si esta noche has cenado algo sencillo de casa en vez de pedir comida, ¿cuánto te has ahorrado?",Delivery,comodo,social,,,false,false,,10,40,480,Evitar delivery de fin de semana ahorra ~40 €/mes,"Viernes, Sábado",Noche,Cualquiera,3,8,3,delivery_conveniencia_inmediata,easy,motivador,medium
Q_CI_06,amount,ACTIVO,"Si hoy has revisado la nevera antes de abrir la app de delivery, ¿cuánto te has ahorrado?",Delivery,comodo,impulsivo,,,false,false,,12,36,432,Revisar nevera antes de pedir evita ~3 pedidos/mes,Cualquier día,Noche,Cualquiera,3,8,3,delivery_conveniencia_inmediata,satisfying,reflexivo,medium
Q_CI_07,amount,ACTIVO,"Si hoy has desayunado en casa en vez de comprar algo por el camino, ¿cuánto te has ahorrado?",Cafés,comodo,desordenado,,,false,false,,4,60,720,Desayunar en casa ahorra ~60 €/mes,Lunes a Viernes,Mañana,Cualquiera,3,6,2,cafés_conveniencia_inmediata,easy,motivador,low
Q_CI_08,amount,ACTIVO,"Si hoy has elegido menú del día en vez de pedir a la carta, ¿cuánto te has ahorrado?",Comida,comodo,,,,false,false,,5,20,240,Elegir menú del día ahorra ~5 € por comida,Lunes a Viernes,Tarde,Cualquiera,4,5,1,comida_conveniencia_inmediata,easy,motivador,low
Q_CI_09,amount,ACTIVO,"Si hoy has hecho la compra en persona en vez de pedirla online con recargo, ¿cuánto te has ahorrado?",Compras,comodo,,,,false,false,,5,20,240,Compra presencial ahorra el recargo de envío,"Sábado, Domingo",Mañana,Cualquiera,7,6,2,compras_conveniencia_inmediata,easy,motivador,low
Q_CI_10,amount,ACTIVO,"Si hoy has elegido la opción estándar en vez de la premium (envío, servicio…), ¿cuánto te has ahorrado?",Servicios,comodo,impulsivo,,,false,false,,5,15,180,Evitar upgrades innecesarios ahorra ~15 €/mes,Cualquier día,Tarde,Cualquiera,4,6,2,servicios_conveniencia_inmediata,easy,motivador,low
Q_CI_11,amount,ACTIVO,"Si hoy has caminado un trayecto corto en vez de pedir un VTC, ¿cuánto te has ahorrado?",Transporte,comodo,,,,false,false,,6,24,288,Caminar trayectos cortos ahorra ~24 €/mes,Cualquier día,Tarde,Cualquiera,4,6,2,transporte_conveniencia_inmediata,easy,motivador,medium
Q_CI_12,amount,ACTIVO,"Si hoy has llevado tu propia botella de agua en vez de comprar, ¿cuánto te has ahorrado?",Bebidas,comodo,desordenado,,,false,false,,2,30,360,Llevar botella propia ahorra ~30 €/mes,Lunes a Viernes,Mañana,Cualquiera,5,4,1,bebidas_conveniencia_inmediata,easy,motivador,low
Q_CI_13,amount,ACTIVO,"Si hoy has evitado un gasto por comodidad (envío rápido, taxi corto, snack de máquina…), ¿cuánto?",Comodidad,comodo,,,,false,false,,5,20,240,Evitar gastos de comodidad ahorra ~20 €/mes,"Martes, Miércoles, Jueves",Tarde,Cualquiera,3,7,2,comodidad_conveniencia_inmediata,obvious,preventivo,low
Q_CI_14,amount,ACTIVO,"Si hoy has preparado snacks de casa en vez de comprar en la tienda o máquina, ¿cuánto te has ahorrado?",Snacks,comodo,desordenado,,,false,false,,3,36,432,Snacks de casa en vez de máquina ahorra ~36 €/mes,Lunes a Viernes,Mañana,Cualquiera,4,5,1,snacks_conveniencia_inmediata,easy,preventivo,low
Q_CI_15,amount,ACTIVO,"Si hoy has usado un servicio gratuito en vez de pagar la versión rápida/premium, ¿cuánto?",Servicios,comodo,impulsivo,,,false,false,,4,12,144,Usar opciones gratuitas ahorra ~12 €/mes,Cualquier día,Tarde,Cualquiera,5,5,2,servicios_conveniencia_inmediata,easy,neutral,low
Q_IM_01,amount,ACTIVO,"Si hoy has planificado la cena en vez de decidir a última hora (delivery/fuera), ¿cuánto te has ahorrado?",Planificación,comodo,,,,false,false,,10,40,480,Planificar cena evita delivery impulsivo,"Lunes, Martes, Miércoles, Jueves",Tarde,Cualquiera,2,8,3,planificación_improvisador,easy,motivador,medium
Q_IM_02,amount,ACTIVO,"Si hoy ya tenías pensado qué comer y no has improvisado comprando fuera, ¿cuánto te has ahorrado?",Planificación,comodo,,,,false,false,,8,48,576,Planificar comida ahorra ~48 €/mes,Lunes a Viernes,Mañana,Cualquiera,2,8,3,planificación_improvisador,easy,motivador,medium
Q_IM_03,amount,ACTIVO,"Si hoy has preparado comida para aprovechar sobras en vez de comprar nuevo, ¿cuánto te has ahorrado?",Sobras,comodo,desordenado,,,false,false,,6,24,288,Usar sobras evita ~6 compras innecesarias/mes,Cualquier día,Noche,Cualquiera,3,7,2,sobras_improvisador,easy,preventivo,medium
Q_IM_04,amount,ACTIVO,"Si hoy has hecho la compra con lista y no te has desviado, ¿cuánto te has ahorrado?",Compras,comodo,desordenado,,,false,false,,10,40,480,Comprar con lista evita ~40 € en extras/mes,"Sábado, Domingo",Mañana,Cualquiera,7,7,2,compras_improvisador,easy,motivador,medium
Q_IM_05,amount,ACTIVO,"Si esta noche has dejado algo preparado para mañana (comida, café, ropa), ¿cuánto evitarás gastar?",Planificación,comodo,,,,false,false,,5,20,240,Preparar la noche anterior evita gastos por prisa,"Domingo, Lunes, Martes, Miércoles, Jueves",Noche,Cualquiera,3,7,2,planificación_improvisador,easy,preventivo,low
Q_IM_06,amount,ACTIVO,"Si hoy has buscado ruta en transporte público en vez de improvisar con taxi, ¿cuánto te has ahorrado?",Transporte,comodo,,,,false,false,,7,28,336,Planificar transporte evita taxis de última hora,Lunes a Viernes,Mañana,Cualquiera,4,6,2,transporte_improvisador,easy,motivador,medium
Q_IM_07,amount,ACTIVO,"Si hoy has planificado los menús de la semana, ¿cuánto crees que ahorrarás?",Planificación,comodo,,,,false,false,,15,60,720,Meal prep semanal ahorra ~60 €/mes,Domingo,Mañana,Cualquiera,7,9,3,planificación_improvisador,easy,neutral,high
Q_IM_08,amount,ACTIVO,"Si hoy, al pensar ""me pido algo"", has parado y cocinado algo rápido, ¿cuánto te has ahorrado?",Delivery,comodo,impulsivo,,,false,false,,10,30,360,Parar y cocinar evita pedidos impulsivos,Cualquier día,Noche,Cualquiera,3,8,3,delivery_improvisador,easy,preventivo,medium
Q_IM_09,amount,ACTIVO,"Si hoy has traído café/snack de casa en vez de improvisar comprando, ¿cuánto te has ahorrado?",Cafés,comodo,,,,false,false,,4,48,576,Llevar café y snack de casa ahorra ~48 €/mes,Lunes a Viernes,Mañana,Cualquiera,3,6,2,cafés_improvisador,easy,motivador,low
Q_IM_10,amount,ACTIVO,"Si hoy has evitado una compra de ""emergencia"" en tienda de barrio (más cara), ¿cuánto te has ahorrado?",Compras,comodo,desordenado,,,false,false,,4,16,192,Evitar compras de emergencia ahorra ~16 €/mes,Cualquier día,Tarde,Cualquiera,4,6,2,compras_improvisador,obvious,preventivo,low
Q_IM_11,amount,ACTIVO,"Si hoy has tenido un plan para la tarde/noche y no has acabado gastando por aburrimiento, ¿cuánto?",Ocio,comodo,social,,,false,false,,8,32,384,Tener plan evita gastos por improvisación,Viernes,Tarde,Cualquiera,4,7,2,ocio_improvisador,easy,neutral,medium
Q_IM_12,amount,ACTIVO,"Si hoy has cocinado de más para tener comida mañana, ¿cuánto te ahorrarás?",Planificación,comodo,,,,false,false,,8,32,384,Cocinar de más evita comprar al día siguiente,"Domingo, Martes, Miércoles",Noche,Cualquiera,4,7,2,planificación_improvisador,easy,neutral,medium
Q_IM_13,amount,ACTIVO,"Si te ha dado pereza cocinar pero has hecho algo rápido en casa igualmente, ¿cuánto te has ahorrado?",Delivery,comodo,,,,false,false,,10,30,360,Algo rápido en casa siempre es más barato que delivery,"Lunes, Martes, Miércoles",Noche,Cualquiera,3,8,3,delivery_improvisador,easy,motivador,medium
Q_IM_14,amount,ACTIVO,"Si hoy has precocinado batch para varios días, ¿cuánto crees que ahorrarás esta semana?",Planificación,comodo,,,,false,false,,20,60,720,Batch cooking semanal ahorra ~60 €/mes,Domingo,Tarde,Cualquiera,7,9,3,planificación_improvisador,easy,neutral,high
Q_IM_15,amount,ACTIVO,"Si hoy has puesto una alarma/recordatorio para no improvisar la comida de mañana, ¿cuánto evitarás?",Planificación,comodo,,,,false,false,,8,32,384,Recordatorios nocturnos eliminan improvisación matutina,"Lunes, Martes, Miércoles, Jueves",Noche,Cualquiera,4,6,2,planificación_improvisador,easy,neutral,medium
Q_FS_01,amount,ACTIVO,"Si hoy te han propuesto un plan caro y has dicho que no o propuesto algo más barato, ¿cuánto te has ahorrado?",Planes sociales,social,impulsivo,,,false,false,,15,60,720,Decir no a 1 plan caro al mes ahorra ~60 €,"Jueves, Viernes, Sábado",Tarde,Cualquiera,3,9,3,planes sociales_fomo_social,attractive,motivador,high
Q_FS_02,amount,ACTIVO,"Si hoy has cenado en casa antes de salir con amigos para gastar menos fuera, ¿cuánto te has ahorrado?",Planes sociales,social,comodo,,,false,false,,12,48,576,Cenar antes de salir ahorra ~12 € por noche,"Viernes, Sábado",Tarde,Cualquiera,3,9,3,planes sociales_fomo_social,easy,motivador,medium
Q_FS_03,amount,ACTIVO,"Si hoy has propuesto un plan gratuito o barato a tus amigos en vez de uno caro, ¿cuánto te has ahorrado?",Planes sociales,social,,,,false,false,,15,45,540,Proponer planes baratos ahorra ~45 €/mes,"Viernes, Sábado, Domingo",Tarde,Cualquiera,4,8,3,planes sociales_fomo_social,attractive,motivador,high
Q_FS_04,amount,ACTIVO,"Si hoy has salido con un presupuesto máximo y lo has respetado, ¿cuánto te has ahorrado vs lo que hubieras gastado?",Control social,social,desordenado,,,false,false,,10,40,480,Salir con presupuesto ahorra ~40 €/mes,"Viernes, Sábado",Tarde,Cualquiera,3,8,3,control social_fomo_social,easy,motivador,medium
Q_FS_05,amount,ACTIVO,"Si hoy has elegido un plan de domingo gratuito (parque, paseo, casa) en vez de pagar, ¿cuánto te has ahorrado?",Ocio gratis,social,,,,false,false,,12,36,432,Planes gratis de fin de semana ahorran ~36 €/mes,"Sábado, Domingo",Mañana,Cualquiera,4,7,2,ocio gratis_fomo_social,easy,motivador,medium
Q_FS_06,amount,ACTIVO,"Si hoy has dicho que no a un plan que realmente no te apetecía (solo ibas por quedar bien), ¿cuánto?",FOMO,social,,,,false,false,,20,40,480,Decir no a planes por compromiso ahorra mucho,"Jueves, Viernes, Sábado",Tarde,Cualquiera,4,9,3,fomo_fomo_social,easy,neutral,high
Q_FS_07,amount,ACTIVO,"Es lunes. Si el finde has controlado el gasto social, ¿cuánto menos has gastado de lo que sueles?",Reflexión,social,,,,false,false,,15,30,360,Reflexionar el lunes refuerza el control,Lunes,Mañana,Cualquiera,7,7,2,reflexión_fomo_social,easy,neutral,high
Q_FS_08,amount,ACTIVO,"Si hoy has salido solo con efectivo limitado para controlar gasto, ¿cuánto te has ahorrado?",Control social,social,,,,false,false,,10,40,480,Salir con cash limita naturalmente el gasto,"Viernes, Sábado",Tarde,Cualquiera,4,7,2,control social_fomo_social,easy,motivador,medium
Q_FS_09,amount,ACTIVO,"Si hoy has propuesto hacer plan en casa (series, cena, juegos) en vez de salir, ¿cuánto te has ahorrado?",Planes sociales,social,comodo,,,false,false,,15,45,540,Ver algo en casa con amigos vs bar ahorra ~15 €,"Viernes, Sábado",Tarde,Cualquiera,4,7,2,planes sociales_fomo_social,attractive,motivador,high
Q_FS_10,amount,ACTIVO,"Si acabas de cobrar y has evitado un plan social caro para no caer en la euforia del cobro, ¿cuánto?",Post-cobro,social,impulsivo,,,false,false,,20,30,360,Controlar post-cobro evita excesos,Cualquier día,Tarde,Inicio,7,8,3,post-cobro_fomo_social,obvious,preventivo,high
Q_FS_11,amount,ACTIVO,"Si hoy has elegido un sitio más barato para salir con amigos, ¿cuánto te has ahorrado?",Planes sociales,social,,,,false,false,,8,32,384,Elegir sitios más baratos ahorra ~32 €/mes,"Viernes, Sábado",Noche,Cualquiera,3,7,2,planes sociales_fomo_social,easy,motivador,medium
Q_FS_12,amount,ACTIVO,"Si hoy te has ido a tu hora en vez de quedarte ""un rato más"" gastando, ¿cuánto te has ahorrado?",Planes sociales,social,,,,false,false,,10,40,480,Irse a la hora prevista evita el gasto extra,"Viernes, Sábado",Noche,Cualquiera,3,8,3,planes sociales_fomo_social,easy,motivador,medium
Q_FS_13,amount,ACTIVO,"Si hoy has disfrutado de un plan solo/a o tranquilo en vez de ir a todo lo que te proponen, ¿cuánto?",FOMO,social,,,,false,false,,15,30,360,Disfrutar de planes tranquilos reduce gasto social,Cualquier día,Tarde,Cualquiera,5,7,2,fomo_fomo_social,easy,neutral,high
Q_FS_14,amount,ACTIVO,"Si hoy es domingo y estás revisando lo que has gastado este finde en social, ¿cuánto has ahorrado vs otros findes?",Reflexión,social,desordenado,,,false,false,,10,25,300,Revisar gasto social cada semana da perspectiva,Domingo,Mañana,Cualquiera,7,6,2,reflexión_fomo_social,satisfying,reflexivo,medium
Q_FS_15,amount,ACTIVO,"Si esta semana has quedado con amigos para hacer algo gratis (deporte, paseo, casa), ¿cuánto te has ahorrado?",Ocio gratis,social,,,,false,false,,12,36,432,Alternar planes gratis reduce el gasto mensual,"Sábado, Domingo",Mañana,Cualquiera,7,7,2,ocio gratis_fomo_social,easy,motivador,medium
Q_PA_01,amount,ACTIVO,"Si anoche te fuiste a tu hora en vez de quedarte a ""una más"", ¿cuánto te has ahorrado?",Escalada social,social,,,,false,false,,12,48,576,Irse a la hora planeada evita 2-3 copas extra,"Sábado, Domingo",Mañana,Cualquiera,3,9,3,escalada social_plan_que_se_alarga,easy,motivador,medium
Q_PA_02,amount,ACTIVO,"Si anoche evitaste la segunda ronda de copas, ¿cuánto te has ahorrado?",Escalada social,social,,,,false,false,,10,40,480,Saltarse la segunda ronda ahorra ~10 € por noche,"Sábado, Domingo",Mañana,Cualquiera,3,9,3,escalada social_plan_que_se_alarga,easy,motivador,medium
Q_PA_03,amount,ACTIVO,"Si anoche cambiaste a agua o refresco a mitad de noche, ¿cuánto te has ahorrado?",Bebidas,social,,,,false,false,,8,32,384,Alternar con agua ahorra ~8 € por noche,"Sábado, Domingo",Mañana,Cualquiera,3,7,2,bebidas_plan_que_se_alarga,easy,motivador,medium
Q_PA_04,amount,ACTIVO,"Si anoche os quedasteis en un solo sitio en vez de ir cambiando de bar, ¿cuánto te has ahorrado?",Escalada social,social,,,,false,false,,12,36,432,Cada cambio de bar suma ~10-15 € extra,"Sábado, Domingo",Mañana,Cualquiera,3,8,3,escalada social_plan_que_se_alarga,easy,motivador,medium
Q_PA_05,amount,ACTIVO,"Si hoy antes de salir te has puesto un tope de gasto para esta noche, ¿cuánto crees que ahorrarás?",Control previo,social,desordenado,,,false,false,,10,40,480,Ponerse un tope antes de salir funciona,"Viernes, Sábado",Tarde,Cualquiera,3,8,3,control previo_plan_que_se_alarga,easy,neutral,medium
Q_PA_06,amount,ACTIVO,"Si anoche evitaste invitar una ronda, ¿cuánto te has ahorrado?",Rondas,social,,,,false,false,,15,30,360,No invitar rondas por presión social ahorra mucho,"Sábado, Domingo",Mañana,Cualquiera,4,7,2,rondas_plan_que_se_alarga,easy,motivador,high
Q_PA_07,amount,ACTIVO,"Es lunes. Si el fin de semana controlaste los planes que se alargan, ¿cuánto menos gastaste?",Reflexión,social,,,,false,false,,15,30,360,Lunes de reflexión refuerza el control nocturno,Lunes,Mañana,Cualquiera,7,7,2,reflexión_plan_que_se_alarga,easy,neutral,high
Q_PA_08,amount,ACTIVO,"Si anoche elegiste volver andando o en bus en vez de coger taxi de madrugada, ¿cuánto te has ahorrado?",Transporte nocturno,social,comodo,,,false,false,,10,40,480,Evitar taxi de madrugada ahorra ~10 € por noche,"Sábado, Domingo",Mañana,Cualquiera,3,7,2,transporte nocturno_plan_que_se_alarga,easy,motivador,medium
Q_PA_09,amount,ACTIVO,"Si anoche pediste la cuenta antes de que el plan escalara, ¿cuánto te has ahorrado?",Escalada social,social,,,,false,false,,10,30,360,Pedir la cuenta a tiempo frena la escalada,"Sábado, Domingo",Mañana,Cualquiera,3,8,3,escalada social_plan_que_se_alarga,easy,motivador,medium
Q_PA_10,amount,ACTIVO,"Si hoy has tomado algo antes de salir (pre-cena, hidratarte) para gastar menos fuera, ¿cuánto ahorrarás?",Control previo,social,comodo,,,false,false,,8,32,384,Precena en casa reduce gasto en restaurante,"Viernes, Sábado",Tarde,Cualquiera,3,7,2,control previo_plan_que_se_alarga,easy,neutral,medium
Q_PA_11,amount,ACTIVO,"Si hoy has propuesto el plan (sitio, hora) en vez de dejar que otros elijan uno más caro, ¿cuánto?",Control social,social,,,,false,false,,10,30,360,Proponer tú el plan te da control del gasto,"Jueves, Viernes",Tarde,Cualquiera,4,7,2,control social_plan_que_se_alarga,attractive,neutral,medium
Q_PA_12,amount,ACTIVO,"Si anoche dijiste ""yo paso"" cuando el grupo quería seguir la fiesta, ¿cuánto te has ahorrado?",Escalada social,social,,,,false,false,,15,45,540,"Saber decir ""yo paso"" es el mayor ahorro social","Sábado, Domingo",Mañana,Cualquiera,3,9,3,escalada social_plan_que_se_alarga,easy,motivador,high
Q_PA_13,amount,ACTIVO,"Si anoche compartiste platos/tapas en vez de pedir cada uno por separado, ¿cuánto te has ahorrado?",Comida social,social,,,,false,false,,6,18,216,Compartir platos reduce la cuenta un 30%,"Viernes, Sábado",Noche,Cualquiera,4,5,1,comida social_plan_que_se_alarga,easy,preventivo,medium
Q_PA_14,amount,ACTIVO,"Si esta noche piensas salir, ¿ya tienes hora de vuelta definida? Si la respetas, ¿cuánto ahorrarás?",Control previo,social,,,,false,false,,10,40,480,Hora de vuelta definida = gasto controlado,"Viernes, Sábado",Tarde,Cualquiera,3,8,3,control previo_plan_que_se_alarga,easy,neutral,medium
Q_PA_15,amount,ACTIVO,"Si anoche te quedaste en un solo plan en vez de hacer bar-hopping, ¿cuánto te has ahorrado?",Escalada social,social,,,,false,false,,15,45,540,Quedarse en un sitio vs bar-hopping ahorra mucho,"Sábado, Domingo",Mañana,Cualquiera,3,8,3,escalada social_plan_que_se_alarga,easy,motivador,high
Q_AE_01,amount,ACTIVO,"Si hoy has cerrado una app de compras sin comprar nada, ¿cuánto te has ahorrado?",Compra online,impulsivo,comodo,,,false,false,,20,40,480,Cerrar la app sin comprar ahorra ~40 €/mes,Cualquier día,Noche,Cualquiera,2,9,3,compra online_antojo_emocional,obvious,motivador,high
Q_AE_02,amount,ACTIVO,"Si hoy has visto algo que querías y has aplicado la regla de esperar 24h, ¿cuánto te has ahorrado?",Impulso,impulsivo,,,,false,false,,25,50,600,La regla de 24h evita el 70% de compras impulsivas,Cualquier día,Noche,Cualquiera,3,9,3,impulso_antojo_emocional,easy,motivador,high
Q_AE_03,amount,ACTIVO,"Si hoy has vaciado tu carrito online sin comprar, ¿cuánto te has ahorrado?",Compra online,impulsivo,,,,false,false,,30,60,720,Vaciar el carrito en vez de pagar ahorra mucho,Cualquier día,Noche,Cualquiera,3,8,3,compra online_antojo_emocional,easy,motivador,high
Q_AE_04,amount,ACTIVO,"Si hoy has sentido ganas de comprarte algo por estrés/ansiedad y no lo has hecho, ¿cuánto?",Emocional,impulsivo,,,,false,false,,15,30,360,Reconocer compra emocional es el primer paso,Cualquier día,Noche,Cualquiera,3,9,3,emocional_antojo_emocional,easy,neutral,high
Q_AE_05,amount,ACTIVO,"Si hoy has evitado un capricho de comida/bebida (snack, café especial, dulce), ¿cuánto te has ahorrado?",Caprichos,impulsivo,comodo,,,false,false,,4,48,576,Los caprichos diarios suman mucho al mes,Cualquier día,Tarde,Cualquiera,2,7,2,caprichos_antojo_emocional,obvious,preventivo,low
Q_AE_06,amount,ACTIVO,"Si hoy has salido a caminar/hacer deporte en vez de comprar para ""sentirte mejor"", ¿cuánto?",Emocional,impulsivo,,,,false,false,,10,20,240,El deporte gratis sustituye al shopping emocional,Cualquier día,Tarde,Cualquiera,4,7,2,emocional_antojo_emocional,easy,neutral,medium
Q_AE_07,amount,ACTIVO,"Si hoy has resistido una notificación de oferta/promoción sin entrar a comprar, ¿cuánto?",Notificaciones,impulsivo,,,,false,false,,15,30,360,Ignorar notificaciones de ofertas evita compras innecesarias,Cualquier día,Tarde,Cualquiera,3,7,2,notificaciones_antojo_emocional,obvious,preventivo,high
Q_AE_08,amount,ACTIVO,"Si hoy no has abierto apps de compras (Amazon, Shein, Zara…), ¿cuánto te has ahorrado?",Compra online,impulsivo,,,,false,false,,15,30,360,No abrir apps de compras elimina la tentación,Cualquier día,Mañana,Cualquiera,3,8,3,compra online_antojo_emocional,easy,motivador,high
Q_AE_09,amount,ACTIVO,"Si hoy has elegido entretenimiento gratuito (leer, pasear, peli en casa) en vez de gastar, ¿cuánto?",Ocio,impulsivo,,,,false,false,,10,20,240,Entretenimiento gratis vs de pago ahorra ~20 €/mes,Cualquier día,Noche,Cualquiera,4,6,2,ocio_antojo_emocional,easy,neutral,medium
Q_AE_10,amount,ACTIVO,"Si hoy has eliminado un artículo del carrito antes de finalizar la compra, ¿cuánto te has ahorrado?",Compra online,impulsivo,,,,false,false,,15,30,360,Revisar el carrito antes de pagar reduce el gasto,Cualquier día,Noche,Cualquiera,3,7,2,compra online_antojo_emocional,easy,motivador,high
Q_AE_11,amount,ACTIVO,"Si hoy sentías un antojo de algo y lo has sustituido por una alternativa gratis, ¿cuánto?",Caprichos,impulsivo,comodo,,,false,false,,5,20,240,Sustituir antojos por alternativas gratis funciona,Cualquier día,Tarde,Cualquiera,3,7,2,caprichos_antojo_emocional,easy,neutral,low
Q_AE_12,amount,ACTIVO,"Si hoy te has dado un ""autocuidado gratis"" (baño, música, paseo) en vez de comprar algo, ¿cuánto?",Emocional,impulsivo,,,,false,false,,10,20,240,Autocuidado gratis sustituye a comprarse caprichos,"Sábado, Domingo",Tarde,Cualquiera,5,6,2,emocional_antojo_emocional,easy,neutral,medium
Q_AE_13,amount,ACTIVO,"Si hoy has dejado pasar una ""oportunidad"" de comprar algo que no necesitabas, ¿cuánto?",Impulso,impulsivo,,,,false,false,,20,40,480,"Dejar pasar ""oportunidades"" ahorra mucho a largo plazo",Cualquier día,Tarde,Cualquiera,4,8,3,impulso_antojo_emocional,easy,neutral,high
Q_AE_14,amount,ACTIVO,"Si hoy has evitado añadir extras al finalizar una compra (el típico ""¿quieres añadir…?""), ¿cuánto?",Extras,impulsivo,comodo,,,false,false,,5,15,180,Los extras al comprar suman ~15 €/mes,Cualquier día,Tarde,Cualquiera,3,6,2,extras_antojo_emocional,obvious,preventivo,low
Q_AE_15,amount,ACTIVO,Domingo de reflexión: ¿cuánto has evitado gastar en impulsos esta semana?,Reflexión,impulsivo,,,,false,false,,15,30,360,Reflexionar el domingo refuerza el autocontrol,Domingo,Mañana,Cualquiera,7,7,2,reflexión_antojo_emocional,obvious,reflexivo,high
Q_CO_01,amount,ACTIVO,"Si hoy has visto una oferta y has decidido no comprar porque no lo necesitabas, ¿cuánto te has ahorrado?",Ofertas,impulsivo,,,,false,false,,15,30,360,No picar en ofertas innecesarias ahorra ~30 €/mes,Cualquier día,Tarde,Cualquiera,2,9,3,ofertas_cazador_de_ofertas,easy,motivador,high
Q_CO_02,amount,ACTIVO,"Si hoy has borrado o ignorado emails de rebajas/ofertas sin abrirlos, ¿cuánto te has ahorrado?",Marketing,impulsivo,,,,false,false,,10,20,240,No abrir emails de ofertas elimina la tentación,Cualquier día,Mañana,Cualquiera,3,7,2,marketing_cazador_de_ofertas,easy,motivador,medium
Q_CO_03,amount,ACTIVO,"Si hoy has visto un 2x1 y has pasado de él porque no lo necesitabas, ¿cuánto te has ahorrado?",Ofertas,impulsivo,,,,false,false,,8,24,288,Los 2x1 que no necesitas cuestan el doble de nada,Cualquier día,Tarde,Cualquiera,3,7,2,ofertas_cazador_de_ofertas,easy,motivador,medium
Q_CO_04,amount,ACTIVO,"Si hoy has visto algo en rebajas y has esperado 48h antes de decidir, ¿cuánto te has ahorrado?",Ofertas,impulsivo,,,,false,false,,20,40,480,Esperar 48h elimina el 80% de compras en rebajas,Cualquier día,Noche,Cualquiera,3,8,3,ofertas_cazador_de_ofertas,easy,motivador,high
Q_CO_05,amount,ACTIVO,"Si hoy has ignorado notificaciones de ""Flash Sale"" o ""Últimas unidades"", ¿cuánto te has ahorrado?",Marketing,impulsivo,,,,false,false,,15,30,360,Las urgencias artificiales son manipulación pura,Cualquier día,Tarde,Cualquiera,3,8,2,marketing_cazador_de_ofertas,easy,motivador,high
Q_CO_06,amount,ACTIVO,"Si hoy te has desuscrito de alguna newsletter de ofertas/tienda, ¿cuánto evitarás gastar al mes?",Marketing,impulsivo,,,,false,false,,10,20,240,Menos newsletters = menos tentaciones,Lunes,Mañana,Cualquiera,14,7,2,marketing_cazador_de_ofertas,easy,neutral,medium
Q_CO_07,amount,ACTIVO,"Si hoy has ido a la compra solo con lista y no has comprado cosas en oferta que no necesitabas, ¿cuánto?",Compras,impulsivo,comodo,,,false,false,,10,40,480,Solo con lista = sin extras innecesarios en oferta,Sábado,Mañana,Cualquiera,7,8,3,compras_cazador_de_ofertas,easy,neutral,medium
Q_CO_08,amount,ACTIVO,"Si hoy has pensado ""¿lo compraría sin descuento?"" y la respuesta era no, ¿cuánto te has ahorrado?",Reflexión,impulsivo,,,,false,false,,15,30,360,"Si no lo comprarías a precio normal, no lo necesitas",Cualquier día,Tarde,Cualquiera,3,9,3,reflexión_cazador_de_ofertas,easy,motivador,high
Q_CO_09,amount,ACTIVO,"Si hoy has evitado comprar un ""añadido"" tentador en caja (chicles, gadgets, ofertas), ¿cuánto?",Extras,impulsivo,desordenado,,,false,false,,4,12,144,Los extras de caja suman ~12 €/mes sin que te des cuenta,Cualquier día,Tarde,Cualquiera,3,5,1,extras_cazador_de_ofertas,obvious,preventivo,low
Q_CO_10,amount,ACTIVO,"Si hoy has evitado entrar en webs de ofertas diarias (Groupon, outlets, deals), ¿cuánto?",Compra online,impulsivo,,,,false,false,,15,30,360,No visitar webs de ofertas elimina la compra innecesaria,"Martes, Miércoles",Noche,Cualquiera,4,7,2,compra online_cazador_de_ofertas,obvious,preventivo,high
Q_CO_11,amount,ACTIVO,"Si hoy has dicho no a un ""regalo por compra mínima"" que te hubiese hecho gastar de más, ¿cuánto?",Marketing,impulsivo,,,,false,false,,10,20,240,Gastar más para el regalo no es ahorrar,Cualquier día,Tarde,Cualquiera,5,7,2,marketing_cazador_de_ofertas,easy,neutral,medium
Q_CO_12,amount,ACTIVO,"Si a principios de mes has fijado un tope para ""ofertas"" y hoy lo has respetado, ¿cuánto has ahorrado?",Control,impulsivo,desordenado,,,false,false,,20,40,480,Tope mensual de ofertas controla la hemorragia,Cualquier día,Mañana,Inicio,7,8,3,control_cazador_de_ofertas,easy,motivador,high
Q_CO_13,amount,ACTIVO,"Si hoy has calculado el descuento real (no el % inflado) y has decidido que no valía la pena, ¿cuánto?",Ofertas,impulsivo,,,,false,false,,12,24,288,Calcular el descuento real destapa el humo del marketing,Cualquier día,Tarde,Cualquiera,4,7,2,ofertas_cazador_de_ofertas,easy,neutral,medium
Q_CO_14,amount,ACTIVO,Domingo de revisión: ¿cuánto has evitado gastar en ofertas/rebajas esta semana?,Reflexión,impulsivo,,,,false,false,,15,30,360,Reflexionar cada semana sobre ofertas da perspectiva,Domingo,Mañana,Cualquiera,7,7,2,reflexión_cazador_de_ofertas,obvious,reflexivo,high
Q_CO_15,amount,ACTIVO,"Si hoy has preguntado ""¿dónde voy a guardar esto?"" antes de comprar algo en oferta y no lo has comprado, ¿cuánto?",Ofertas,impulsivo,,,,false,false,,15,30,360,"Si no tienes dónde ponerlo, no lo necesitas",Cualquier día,Noche,Cualquiera,4,7,2,ofertas_cazador_de_ofertas,easy,neutral,high
Q_MF_01,amount,ACTIVO,"Si hoy te has preparado el café en casa en vez de comprarlo, ¿cuánto te has ahorrado?",Cafés,desordenado,comodo,,,false,false,,2,40,480,El café diario fuera cuesta ~40 €/mes,Lunes a Viernes,Mañana,Cualquiera,2,8,2,cafés_microfugas,easy,preventivo,low
Q_MF_02,amount,ACTIVO,"Si hoy has traído comida/snacks de casa en vez de comprar algo suelto, ¿cuánto te has ahorrado?",Snacks,desordenado,comodo,,,false,false,,4,48,576,Snacks sueltos cuestan ~48 €/mes,Lunes a Viernes,Mañana,Cualquiera,2,7,2,snacks_microfugas,easy,motivador,low
Q_MF_03,amount,ACTIVO,"Si hoy has evitado la máquina de vending/cafetería automática, ¿cuánto te has ahorrado?",Vending,desordenado,,,,false,false,,2,30,360,La máquina de vending cuesta ~30 €/mes,Lunes a Viernes,Tarde,Cualquiera,2,7,2,vending_microfugas,obvious,preventivo,low
Q_MF_04,amount,ACTIVO,"Si hoy has revisado suscripciones y cancelado alguna que no usas, ¿cuánto te ahorras al mes?",Suscripciones,desordenado,,,,false,false,,8,12,144,Las suscripciones olvidadas cuestan ~12 €/mes,Cualquier día,Mañana,Cualquiera,14,8,3,suscripciones_microfugas,satisfying,reflexivo,medium
Q_MF_05,amount,ACTIVO,"Si hoy has usado tu propia botella de agua en vez de comprar, ¿cuánto te has ahorrado?",Bebidas,desordenado,,,,false,false,,1,20,240,Comprar agua embotellada suma ~20 €/mes,Cualquier día,Mañana,Cualquiera,3,5,1,bebidas_microfugas,easy,motivador,low
Q_MF_06,amount,ACTIVO,"Si hoy has pasado por una tienda sin entrar ""a mirar"" y acabar comprando algo, ¿cuánto te has ahorrado?",Compras casuales,desordenado,impulsivo,,,false,false,,8,24,288,"Entrar ""solo a mirar"" casi nunca es gratis",Cualquier día,Tarde,Cualquiera,3,7,2,compras casuales_microfugas,easy,motivador,medium
Q_MF_07,amount,ACTIVO,"Si hoy has usado la versión gratuita de algo en vez de pagar premium, ¿cuánto te has ahorrado?",Apps/Servicios,desordenado,comodo,,,false,false,,5,10,120,Las versiones gratuitas a menudo son suficientes,Cualquier día,Tarde,Cualquiera,5,6,2,apps/servicios_microfugas,easy,motivador,low
Q_MF_08,amount,ACTIVO,"Si hoy has comprado a granel o formato grande en vez de packs individuales, ¿cuánto te has ahorrado?",Compras,desordenado,,,,false,false,,3,12,144,Comprar a granel ahorra ~12 €/mes vs individual,Sábado,Mañana,Cualquiera,7,6,2,compras_microfugas,easy,motivador,low
Q_MF_09,amount,ACTIVO,"Si hoy has evitado comprar algo innecesario en el súper de barrio (más caro), ¿cuánto te has ahorrado?",Compras,desordenado,comodo,,,false,false,,3,18,216,El súper de barrio tiene un 20% de sobrecoste,Lunes a Viernes,Tarde,Cualquiera,3,6,2,compras_microfugas,obvious,preventivo,low
Q_MF_10,amount,ACTIVO,"Si esta noche has apuntado todos los gastos pequeños del día, ¿cuánto has detectado que podrías haber evitado?",Control,desordenado,,,,false,false,,5,20,240,Anotar gastos pequeños da visibilidad real,Cualquier día,Noche,Cualquiera,3,8,3,control_microfugas,obvious,preventivo,low
Q_MF_11,amount,ACTIVO,"Si hoy has evitado un refresco/zumo/bebida de máquina y has bebido agua, ¿cuánto te has ahorrado?",Bebidas,desordenado,,,,false,false,,2,24,288,Refrescos diarios cuestan ~24 €/mes,Lunes a Viernes,Tarde,Cualquiera,2,5,1,bebidas_microfugas,obvious,preventivo,low
Q_MF_12,amount,ACTIVO,"Si hoy has compartido cuenta de streaming/servicio con alguien, ¿cuánto te ahorras al mes?",Suscripciones,desordenado,,,,false,false,,5,8,96,Compartir cuentas reduce suscripciones a la mitad,Cualquier día,Noche,Cualquiera,14,6,2,suscripciones_microfugas,easy,neutral,low
Q_MF_13,amount,ACTIVO,"Si hoy has traído tu propia bolsa a la compra y evitado pagar por bolsas, ¿cuánto te has ahorrado?",Compras,desordenado,,,,false,false,,1,3,36,Cada bolsa son céntimos que suman al año,"Sábado, Domingo",Mañana,Cualquiera,7,3,1,compras_microfugas,obvious,preventivo,low
Q_MF_14,amount,ACTIVO,Domingo de revisión: ¿cuánto suman tus gastos pequeños de esta semana que podrías haber evitado?,Reflexión,desordenado,,,,false,false,,10,20,240,Las microfugas semanales suman ~20 €,Domingo,Mañana,Cualquiera,7,7,2,reflexión_microfugas,obvious,reflexivo,medium
Q_MF_15,amount,ACTIVO,"Si hoy has identificado un gasto ""invisible"" que haces todos los días sin pensar, ¿cuánto es al mes?",Conciencia,desordenado,,,,false,false,,5,20,240,Identificar microfugas es el primer paso para pararlas,Cualquier día,Noche,Cualquiera,5,8,3,conciencia_microfugas,easy,neutral,low
Q_SS_01,amount,ACTIVO,"Si hoy has mirado tu saldo bancario y has evitado un gasto por ser consciente, ¿cuánto te has ahorrado?",Control,desordenado,,,,false,false,,10,20,240,Mirar el saldo activa el control automático,Lunes,Mañana,Cualquiera,7,9,3,control_sin_sistema,obvious,preventivo,medium
Q_SS_02,amount,ACTIVO,"Si hoy te has puesto un límite de gasto para el día y lo has respetado, ¿cuánto te has ahorrado?",Control,desordenado,,,,false,false,,8,32,384,Un límite diario evita derroches sin control,"Lunes, Martes",Mañana,Cualquiera,5,8,3,control_sin_sistema,easy,motivador,medium
Q_SS_03,amount,ACTIVO,"Si hoy domingo has revisado lo que has gastado esta semana, ¿cuánto crees que puedes mejorar la próxima?",Reflexión,desordenado,,,,false,false,,10,20,240,La revisión semanal reduce gastos innecesarios,Domingo,Mañana,Cualquiera,7,8,3,reflexión_sin_sistema,satisfying,reflexivo,medium
Q_SS_04,amount,ACTIVO,"Si hoy has descubierto un cargo recurrente que no sabías que tenías y lo has cancelado, ¿cuánto?",Suscripciones,desordenado,,,,false,false,,10,10,120,Los cargos olvidados roban dinero cada mes,Cualquier día,Mañana,Cualquiera,14,9,3,suscripciones_sin_sistema,easy,neutral,medium
Q_SS_05,amount,ACTIVO,"Si hoy has categorizado tus gastos de ayer (comida, transporte, ocio…), ¿cuánto podrías haber evitado?",Control,desordenado,,,,false,false,,5,15,180,Categorizar gastos revela dónde se va el dinero,Cualquier día,Mañana,Cualquiera,3,7,2,control_sin_sistema,obvious,preventivo,low
Q_SS_06,amount,ACTIVO,"Si esta semana te has fijado un presupuesto semanal, ¿cuánto has ahorrado vs no tener ninguno?",Control,desordenado,,,,false,false,,15,30,360,Tener presupuesto semanal reduce el gasto un 15-20%,Lunes,Mañana,Cualquiera,7,9,3,control_sin_sistema,easy,motivador,high
Q_SS_07,amount,ACTIVO,"Si hoy has evitado un gasto que normalmente harías sin pensar, ¿cuánto te has ahorrado?",Conciencia,desordenado,impulsivo,,,false,false,,8,24,288,Parar y pensar antes de gastar marca la diferencia,Cualquier día,Tarde,Cualquiera,3,7,2,conciencia_sin_sistema,obvious,preventivo,medium
Q_SS_08,amount,ACTIVO,"Si estás a final de mes y has evitado un gasto para no quedarte justo, ¿cuánto te has ahorrado?",Fin de mes,desordenado,,,,false,false,,10,20,240,Controlar final de mes evita descubiertos,Cualquier día,Tarde,Final,5,9,3,fin de mes_sin_sistema,obvious,preventivo,medium
Q_SS_09,amount,ACTIVO,"Si a principio de mes has separado dinero fijo (alquiler, facturas) del variable, ¿cuánto te has ahorrado?",Organización,desordenado,,,,false,false,,15,30,360,Separar fijo de variable da claridad total,Cualquier día,Mañana,Inicio,30,8,3,organización_sin_sistema,easy,preventivo,high
Q_SS_10,amount,ACTIVO,"Si a mitad de mes has revisado cuánto te queda y has ajustado tus gastos, ¿cuánto has ahorrado?",Control,desordenado,,,,false,false,,10,20,240,La revisión de mitad de mes evita sorpresas,Cualquier día,Mañana,Mitad,14,8,3,control_sin_sistema,satisfying,reflexivo,medium
Q_SS_11,amount,ACTIVO,"Si hoy has detectado un pago recurrente que puedes reducir (tarifa, seguro, plan), ¿cuánto al mes?",Suscripciones,desordenado,,,,false,false,,10,15,180,Las tarifas se pueden negociar casi siempre,Cualquier día,Mañana,Final,14,8,3,suscripciones_sin_sistema,easy,neutral,medium
Q_SS_12,amount,ACTIVO,"Si hoy, al ver tu saldo, has decidido NO hacer un gasto que ibas a hacer, ¿cuánto te has ahorrado?",Control,desordenado,,,,false,false,,10,20,240,La visibilidad del saldo frena el gasto automático,Cualquier día,Tarde,Cualquiera,3,7,2,control_sin_sistema,easy,motivador,medium
Q_SS_13,amount,ACTIVO,"Si hoy has encontrado un gasto mensual que puedes reducir o eliminar, ¿cuánto te ahorras al mes?",Optimización,desordenado,,,,false,false,,8,12,144,Optimizar gastos fijos reduce el coste de vida,Cualquier día,Mañana,Cualquiera,7,7,2,optimización_sin_sistema,easy,neutral,medium
Q_SS_14,amount,ACTIVO,"Si hoy has puesto una alarma semanal para revisar tus finanzas, ¿cuánto crees que ahorrarás?",Hábito,desordenado,,,,false,false,,10,20,240,La disciplina de revisar cada semana genera el hábito,Domingo,Mañana,Cualquiera,14,7,2,hábito_sin_sistema,satisfying,reflexivo,medium
Q_SS_15,amount,ACTIVO,"Si hoy has identificado tus 3 gastos más grandes del mes, ¿cuánto podrías reducir de cada uno?",Reflexión,desordenado,,,,false,false,,15,30,360,Conocer tus top 3 gastos es el primer paso,Cualquier día,Mañana,Final,30,8,3,reflexión_sin_sistema,easy,neutral,high
Q_FB_13,fill_blank,activo,Esta manana he salido de casa sin parar a comprar nada de camino: ____.,Rutina manana,comodo,desordenado,desayuno_casa [comodo+2] | cafe_termo [comodo+2] | ruta_plan [desordenado+2],,true,true,0.70,4,48,576,Salir de casa preparado ahorra ~48 EUR/mes,Lunes a Viernes,Manana,Cualquiera,3,8,3,gasto_evitado_manana,easy,motivador,low
Q_FB_14,fill_blank,activo,Hoy he evitado el gasto en transporte de conveniencia eligiendo: ____.,Transporte,comodo,social,transporte_pub [comodo+2] | andar_bici [comodo+2] | compartir_v [social+2],,true,true,0.70,8,64,768,Evitar taxi ahorra ~64 EUR/mes,Lunes a Viernes,Manana,Cualquiera,3,8,3,gasto_evitado_transporte,easy,motivador,low
Q_FB_15,fill_blank,activo,He hecho la compra del supermercado de forma mas inteligente: ____.,Compra supermercado,comodo,desordenado,lista_compra [comodo+2] | tienda_barata [comodo+2] | revisar_prev [desordenado+2],,true,true,0.70,15,30,360,Comprar con lista ahorra ~30 EUR/mes,"Sabado, Domingo",Manana,Cualquiera,5,8,3,gasto_evitado_compra_lista,obvious,motivador,low
Q_FB_16,fill_blank,activo,He reducido el gasto de conveniencia en el trabajo: ____.,Gastos trabajo,comodo,desordenado,agua_casa [comodo+2] | snack_casa [comodo+2] | mochila_prev [desordenado+2],,true,true,0.70,3,30,360,Llevar snack de casa ahorra ~30 EUR/mes,Lunes a Viernes,Manana,Cualquiera,3,7,2,gasto_evitado_trabajo,easy,motivador,low
Q_FB_17,fill_blank,activo,He preparado el almuerzo yo mismo en vez de comprarlo fuera: ____.,Almuerzo,comodo,desordenado,sobras [comodo+2] | algo_rapido [comodo+2] | batch [desordenado+2],,true,true,0.70,7,56,672,Llevar almuerzo de casa ahorra ~56 EUR/mes,Lunes a Viernes,Manana,Cualquiera,3,9,3,gasto_evitado_almuerzo,easy,motivador,low
Q_FB_18,fill_blank,activo,He elegido la alternativa mas barata en el gimnasio o deporte: ____.,Deporte y ocio activo,comodo,social,parque [comodo+2] | casa_gym [comodo+2] | actividad_gratis [social+2],,true,true,0.70,10,30,360,Entrenar al aire libre ahorra ~30 EUR/mes,Cualquier dia,Manana,Cualquiera,5,7,2,gasto_evitado_deporte,easy,motivador,medium
Q_FB_19,fill_blank,activo,He ahorrado en el supermercado cambiando mi habito de compra: ____.,Compra supermercado,comodo,desordenado,marca_blanca [comodo+2] | comp_precios [comodo+2] | planif_oferta [desordenado+2],,true,true,0.70,12,36,432,Marca blanca y comparar ahorra ~36 EUR/mes,"Sabado, Domingo",Manana,Cualquiera,7,7,2,gasto_evitado_super_habito,obvious,motivador,low
Q_FB_20,fill_blank,activo,He reducido el gasto por pereza en casa esta tarde-noche: ____.,Tarde-noche,comodo,impulsivo,cocinar_vs_pedir [comodo+2] | metro_noche [comodo+2] | cap_entret [impulsivo+2],,true,true,0.70,10,40,480,Evitar la comodidad nocturna ahorra ~40 EUR/mes,Lunes a Jueves,Noche,Cualquiera,3,8,3,gasto_evitado_noche_comodo,obvious,motivador,medium
Q_FB_21,fill_blank,activo,He ahorrado eligiendo la alternativa mas economica en vez de la comoda: ____.,Eleccion economica,comodo,desordenado,cocinar_vs_delivery [comodo+2] | tp_vs_taxi [comodo+2] | planif_compra [desordenado+2],,true,true,0.70,8,48,576,Elegir opciones economicas ahorra ~48 EUR/mes,Lunes a Viernes,Tarde,Cualquiera,4,8,3,gasto_evitado_eleccion_econ,obvious,motivador,medium
Q_FB_22,fill_blank,activo,He evitado la compra de conveniencia en farmacia o tienda: ____.,Farmacia y tienda,comodo,desordenado,gen_barato [comodo+2] | mejor_precio [comodo+2] | ya_tenia [desordenado+2],,true,true,0.70,8,16,192,Alternativa generica ahorra ~16 EUR/mes,Cualquier dia,Tarde,Cualquiera,7,6,2,gasto_evitado_farmacia,obvious,motivador,low
Q_FB_23,fill_blank,activo,He preparado la semana con antelacion para evitar gastos de comodidad: ____.,Planificacion semanal,comodo,desordenado,meal_prep [comodo+2] | ropa_lista [comodo+2] | plan_semanal [desordenado+2],,true,true,0.70,20,60,720,Preparar la semana ahorra ~60 EUR/mes,Domingo,Manana,Cualquiera,7,9,3,gasto_evitado_prep_semana,easy,motivador,low
Q_FB_24,fill_blank,activo,He ahorrado evitando el gasto rapido de conveniencia al salir: ____.,Comida fuera economica,comodo,desordenado,mercado_vs_gas [comodo+2] | menu_dia [comodo+2] | comparar_antes [desordenado+2],,true,true,0.70,5,40,480,Menu del dia y mercado ahorra ~40 EUR/mes,Lunes a Viernes,Tarde,Cualquiera,4,7,2,gasto_evitado_conveniencia_salida,obvious,motivador,low
Q_FB_25,fill_blank,activo,Hoy he propuesto al grupo un plan mas barato y lo han aceptado: ____.,Plan alternativo social,social,comodo,casa_vs_bar [social+2] | terraza_eco [social+2] | cocinar_juntos [comodo+2],,true,true,0.70,15,30,360,Proponer plan economico ahorra ~30 EUR/mes,"Jueves, Viernes, Sabado",Tarde,Cualquiera,4,9,3,gasto_evitado_plan_alternativo,attractive,motivador,medium
Q_FB_26,fill_blank,activo,He controlado el gasto en la ultima cena o comida de grupo: ____.,Cena de grupo,social,desordenado,pedido_sencillo [social+2] | compartir_plato [social+2] | tope_previo [desordenado+2],,true,true,0.70,12,30,360,Controlar cena de grupo ahorra ~30 EUR/mes,"Viernes, Sabado",Noche,Cualquiera,5,9,3,gasto_evitado_cena_grupo,obvious,motivador,medium
Q_FB_27,fill_blank,activo,He dicho que no a un plan social caro sin sentirme mal: ____.,Decir no al plan,social,impulsivo,quedado_casa [social+2] | plan_despues [social+2] | resistir_grupo [impulsivo+2],,true,true,0.70,20,40,480,Decir no a planes caros ahorra ~40 EUR/mes,"Jueves, Viernes, Sabado",Tarde,Cualquiera,4,9,3,gasto_evitado_no_plan,obvious,motivador,high
Q_FB_28,fill_blank,activo,He ahorrado en el transporte de vuelta de un plan nocturno: ____.,Transporte nocturno,social,comodo,metro_vuelta [social+2] | compartir_taxi [social+2] | salir_antes [comodo+2],,true,true,0.70,10,30,360,Metro vs taxi en la vuelta ahorra ~30 EUR/mes,"Viernes, Sabado",Noche,Cualquiera,5,8,3,gasto_evitado_transporte_noche,obvious,motivador,medium
Q_FB_29,fill_blank,activo,He controlado lo que gaste en la ultima salida de fin de semana: ____.,Salida finde,social,desordenado,efectivo_lim [social+2] | cuenta_sep [social+2] | tope_dia [desordenado+2],,true,true,0.70,20,40,480,Controlar el fin de semana ahorra ~40 EUR/mes,"Lunes, Domingo",Manana,Cualquiera,5,9,3,gasto_evitado_control_finde,satisfying,motivador,medium
Q_FB_30,fill_blank,activo,He reducido el gasto en la ultima celebracion o evento de grupo: ____.,Regalos y celebraciones,social,impulsivo,regalo_conjunto [social+2] | precio_acordado [social+2] | regalo_alternativo [impulsivo+2],,true,true,0.70,20,20,240,Acordar limite de regalo ahorra ~20 EUR/mes,Cualquier dia,Manana,Cualquiera,14,6,2,gasto_evitado_celebracion,obvious,motivador,medium
Q_FB_31,fill_blank,activo,He controlado el gasto en el ultimo bar o restaurante: ____.,Bar y restaurante,social,desordenado,agua_noche [social+2] | no_ronda [social+2] | max_consumiciones [desordenado+2],,true,true,0.70,10,30,360,Controlar consumiciones ahorra ~30 EUR/mes,"Viernes, Sabado, Domingo",Noche,Cualquiera,4,9,3,gasto_evitado_bar,obvious,motivador,medium
Q_FB_32,fill_blank,activo,He ahorrado en comidas de trabajo o compromisos sociales: ____.,Comidas de trabajo,social,comodo,menu_eco [social+2] | traer_comida [social+2] | menos_salidas [comodo+2],,true,true,0.70,10,40,480,Menu economico en trabajo ahorra ~40 EUR/mes,Lunes a Viernes,Tarde,Cualquiera,7,7,2,gasto_evitado_comidas_trabajo,obvious,motivador,medium
Q_FB_33,fill_blank,activo,He resistido la presion del grupo y he ahorrado en: ____.,Presion social evitada,social,impulsivo,no_ronda_presion [social+2] | no_compra_grupo [social+2] | no_presion_compra [impulsivo+2],,true,true,0.70,15,30,360,Resistir presion de grupo ahorra ~30 EUR/mes,"Viernes, Sabado, Domingo",Tarde,Cualquiera,4,9,3,gasto_evitado_presion_grupo,obvious,motivador,high
Q_FB_34,fill_blank,activo,He reducido el gasto en el ultimo viaje o escapada de grupo: ____.,Viajes y escapadas,social,desordenado,aloj_eco [social+2] | destino_eco [social+2] | planif_viaje [desordenado+2],,true,true,0.70,50,25,300,Planificar viajes ahorra ~25 EUR/mes,"Lunes, Domingo",Manana,Cualquiera,30,6,2,gasto_evitado_viaje_grupo,obvious,motivador,medium
Q_FB_35,fill_blank,activo,He ahorrado evitando el efecto de cascada en una salida nocturna: ____.,Escalada social nocturna,social,impulsivo,no_escalada [social+2] | ido_antes [social+2] | no_local_caro [impulsivo+2],,true,true,0.70,20,45,540,Cortar la escalada nocturna ahorra ~45 EUR/mes,"Viernes, Sabado",Noche,Cualquiera,5,9,3,gasto_evitado_escalada_nocturna,obvious,motivador,high
Q_FB_36,fill_blank,activo,He propuesto y liderado un plan social mas economico: ____.,Plan social barato,social,comodo,bbq_casa [social+2] | activ_gratis [social+2] | juegos_casa [comodo+2],,true,true,0.70,25,50,600,Liderar plan economico ahorra ~50 EUR/mes,"Viernes, Sabado, Domingo",Tarde,Cualquiera,7,8,3,gasto_evitado_plan_liderado,attractive,motivador,medium
Q_FB_37,fill_blank,activo,He vaciado el carrito de una tienda online sin comprar: ____.,Carrito abandonado,impulsivo,comodo,carrito_ropa [impulsivo+2] | carrito_tech [impulsivo+2] | carrito_deco [comodo+2],,true,true,0.70,35,70,840,Abandonar carritos ahorra ~70 EUR/mes,Cualquier dia,Noche,Cualquiera,4,9,3,gasto_evitado_carrito,obvious,motivador,high
Q_FB_38,fill_blank,activo,He aplicado la regla de las 24 horas antes de comprar y he decidido no hacerlo: ____.,Regla 24h,impulsivo,desordenado,ya_no_queria [impulsivo+2] | alternativa_24h [impulsivo+2] | ya_tenia_similar [desordenado+2],,true,true,0.70,25,50,600,La regla de 24h ahorra ~50 EUR/mes,Cualquier dia,Manana,Cualquiera,5,9,3,gasto_evitado_24h,obvious,motivador,high
Q_FB_39,fill_blank,activo,He ignorado una notificacion de oferta o descuento de: ____.,Notificaciones ignoradas,impulsivo,comodo,notif_ropa [impulsivo+2] | notif_app [impulsivo+2] | notif_super [comodo+2],,true,true,0.70,20,40,480,Ignorar notificaciones ahorra ~40 EUR/mes,Cualquier dia,Tarde,Cualquiera,3,8,3,gasto_evitado_notificacion,obvious,motivador,medium
Q_FB_40,fill_blank,activo,He evitado la compra impulsiva despues de ver algo en redes: ____.,Compra por redes sociales,impulsivo,social,redes_producto [impulsivo+2] | influencer [impulsivo+2] | exp_social [social+2],,true,true,0.70,25,75,900,Evitar compras de redes ahorra ~75 EUR/mes,Cualquier dia,Noche,Cualquiera,4,9,3,gasto_evitado_redes,obvious,motivador,high
Q_FB_41,fill_blank,activo,He resistido la urgencia de comprar algo de edicion limitada o con contador: ____.,Urgencia artificial,impulsivo,social,cuenta_atras [impulsivo+2] | preventa [impulsivo+2] | agota_presion [social+2],,true,true,0.70,40,40,480,Ignorar urgencias artificiales ahorra ~40 EUR/mes,Cualquier dia,Tarde,Cualquiera,5,8,3,gasto_evitado_urgencia_artificial,obvious,motivador,high
Q_FB_42,fill_blank,activo,He parado una compra emocional que estaba a punto de hacer: ____.,Compra emocional,impulsivo,comodo,compra_aburrido [impulsivo+2] | compra_estres [impulsivo+2] | compra_capricho [comodo+2],,true,true,0.70,20,60,720,Parar compras emocionales ahorra ~60 EUR/mes,Cualquier dia,Tarde,Cualquiera,4,9,3,gasto_evitado_compra_emocional,obvious,motivador,high
Q_FB_43,fill_blank,activo,He eliminado o bloqueado una tentacion de compra digital: ____.,Friccion compra digital,impulsivo,desordenado,desinstalar_app [impulsivo+2] | borrar_tarjeta [impulsivo+2] | cancelar_noti [desordenado+2],,true,true,0.70,0,30,360,Poner friccion digital ahorra ~30 EUR/mes,Cualquier dia,Noche,Cualquiera,14,8,3,gasto_evitado_friccion_digital,obvious,motivador,medium
Q_FB_44,fill_blank,activo,He devuelto o cancelado una compra que habia hecho por impulso: ____.,Devolucion y rectificacion,impulsivo,social,devolver_ropa [impulsivo+2] | devolver_prod [impulsivo+2] | devolver_social [social+2],,true,true,0.70,30,30,360,Devolver compras impulsivas recupera ~30 EUR/mes,Cualquier dia,Manana,Cualquiera,7,7,2,gasto_evitado_devolucion,satisfying,motivador,medium
Q_FB_45,fill_blank,activo,He evitado el gasto extra al completar una compra que ya habia hecho: ____.,Upsell evitado,impulsivo,comodo,no_accesorios [impulsivo+2] | no_seguro [impulsivo+2] | no_urgente [comodo+2],,true,true,0.70,15,15,180,Rechazar upsells ahorra ~15 EUR/mes,Cualquier dia,Tarde,Cualquiera,7,7,2,gasto_evitado_upsell,obvious,motivador,medium
Q_FB_46,fill_blank,activo,He esperado antes de confirmar una compra grande y no la he hecho: ____.,Compra grande evitada,impulsivo,social,espera_100 [impulsivo+2] | espera_sub [impulsivo+2] | espera_feria [social+2],,true,true,0.70,80,30,360,Esperar antes de compra grande ahorra ~30 EUR/mes,Cualquier dia,Manana,Cualquiera,10,8,3,gasto_evitado_espera_grande,obvious,motivador,high
Q_FB_47,fill_blank,activo,He parado la escalada de gasto en ocio digital o entretenimiento: ____.,Ocio digital,impulsivo,desordenado,no_ingame [impulsivo+2] | no_dlc [impulsivo+2] | cancel_premium [desordenado+2],,true,true,0.70,15,20,240,Parar escalada de ocio digital ahorra ~20 EUR/mes,Cualquier dia,Noche,Cualquiera,7,7,2,gasto_evitado_ocio_digital,obvious,motivador,medium
Q_FB_48,fill_blank,activo,He resistido comprar algo solo porque estaba de oferta: ____.,Oferta resistida,impulsivo,comodo,oferta_ropa [impulsivo+2] | oferta_tech [impulsivo+2] | oferta_hogar [comodo+2],,true,true,0.70,30,45,540,Resistir ofertas sin necesidad ahorra ~45 EUR/mes,Cualquier dia,Tarde,Cualquiera,5,8,3,gasto_evitado_oferta_resistida,obvious,motivador,high
Q_FB_49,fill_blank,activo,Esta semana he cancelado o reducido una suscripcion que no usaba: ____.,Suscripciones,desordenado,impulsivo,cancel_streaming [desordenado+2] | cancel_app [desordenado+2] | cancel_fisico [impulsivo+2],,true,true,0.70,10,15,180,Cancelar suscripciones sin uso ahorra ~15 EUR/mes,Cualquier dia,Manana,Inicio,14,8,3,gasto_evitado_suscripcion_desordenado,satisfying,motivador,low
Q_FB_50,fill_blank,activo,He detectado y parado un cobro recurrente que no recordaba: ____.,Cobros olvidados,desordenado,comodo,trial_cobro [desordenado+2] | servicio_olv [desordenado+2] | tarifa_red [comodo+2],,true,true,0.70,12,20,240,Detectar cobros olvidados ahorra ~20 EUR/mes,Cualquier dia,Manana,Cualquiera,14,9,3,gasto_evitado_cobro_olvidado,satisfying,reflexivo,low
Q_FB_51,fill_blank,activo,He planificado la semana con antelacion para evitar gastos imprevistos: ____.,Planificacion semanal,desordenado,comodo,menu_semana [desordenado+2] | rev_gastos [desordenado+2] | prep_urgencia [comodo+2],,true,true,0.70,20,40,480,Planificar la semana ahorra ~40 EUR/mes,Domingo,Manana,Cualquiera,7,9,3,gasto_evitado_planif_semana,obvious,motivador,low
Q_FB_52,fill_blank,activo,He revisado mis extractos del banco y he encontrado donde ahorrar: ____.,Revision extracto,desordenado,impulsivo,cargos_auto [desordenado+2] | gastos_conv_rev [desordenado+2] | impulso_rev [impulsivo+2],,true,true,0.70,15,30,360,Revisar extracto mensual ahorra ~30 EUR/mes,"Domingo, Lunes",Manana,Final,14,9,3,gasto_evitado_extracto,satisfying,reflexivo,low
Q_FB_53,fill_blank,activo,He organizado mejor mi dinero esta semana: ____.,Organizacion financiera,desordenado,comodo,sep_fijos [desordenado+2] | anotar_gst [desordenado+2] | limite_cat [comodo+2],,true,true,0.70,0,50,600,Organizar el dinero en categorias ahorra ~50 EUR/mes,"Lunes, Domingo",Manana,Inicio,7,8,3,gasto_evitado_organizacion,obvious,reflexivo,low
Q_FB_54,fill_blank,activo,He evitado el gasto de emergencia por falta de planificacion: ____.,Gasto de emergencia evitado,desordenado,comodo,casa_prep [desordenado+2] | comida_prev [desordenado+2] | plan_b [comodo+2],,true,true,0.70,10,30,360,Prevenir emergencias ahorra ~30 EUR/mes,Cualquier dia,Tarde,Cualquiera,5,8,3,gasto_evitado_emergencia,obvious,motivador,low
Q_FB_55,fill_blank,activo,He reducido el gasto en el supermercado evitando ir sin lista: ____.,Compra con lista,desordenado,impulsivo,lista_estricta [desordenado+2] | compra_online_plan [desordenado+2] | evitar_pasillo [impulsivo+2],,true,true,0.70,15,45,540,Comprar con lista fija ahorra ~45 EUR/mes,"Sabado, Domingo",Manana,Cualquiera,7,9,3,gasto_evitado_compra_con_lista,obvious,motivador,low
Q_FB_56,fill_blank,activo,He cancelado algo que tenia contratado y ya no justificaba: ____.,Contratos cancelados,desordenado,impulsivo,reserva_cancel [desordenado+2] | sub_auto [desordenado+2] | compra_futura [impulsivo+2],,true,true,0.70,20,20,240,Cancelar contratos innecesarios ahorra ~20 EUR/mes,Cualquier dia,Manana,Inicio,14,7,2,gasto_evitado_contrato,satisfying,motivador,low
Q_FB_57,fill_blank,activo,He organizado mis gastos del mes y he encontrado margen de ahorro en: ____.,Revision mensual,desordenado,impulsivo,ocio_margen [desordenado+2] | comida_margen [desordenado+2] | ropa_margen [impulsivo+2],,true,true,0.70,20,40,480,Auditoria mensual ahorra ~40 EUR/mes,"Domingo, Lunes",Manana,Final,30,9,3,gasto_evitado_auditoria_mensual,satisfying,reflexivo,low
Q_FB_58,fill_blank,activo,He evitado un gasto por desorganizacion de mi tiempo: ____.,Gasto por desorganizacion,desordenado,comodo,salida_prep [desordenado+2] | llegada_tiempo [desordenado+2] | cita_tiempo [comodo+2],,true,true,0.70,10,20,240,Organizarse evita gastos de urgencia ~20 EUR/mes,Cualquier dia,Tarde,Cualquiera,5,7,2,gasto_evitado_desorg_tiempo,obvious,motivador,low
Q_FB_59,fill_blank,activo,He ahorrado adelantandome en vez de dejarlo para el ultimo momento: ____.,Planificacion con antelacion,desordenado,comodo,reserva_ant [desordenado+2] | renovar_ant [desordenado+2] | regalo_ant [comodo+2],,true,true,0.70,20,20,240,Anticiparse reduce precios de urgencia ~20 EUR/mes,Cualquier dia,Manana,Cualquiera,14,7,2,gasto_evitado_anticipacion,obvious,motivador,medium
Q_FB_60,fill_blank,activo,He eliminado o reducido un gasto fijo que ya no justificaba: ____.,Gastos fijos reducidos,desordenado,impulsivo,tarifa_fija [desordenado+2] | seguro_renegociar [desordenado+2] | sub_ocio [impulsivo+2],,true,true,0.70,15,20,240,Renegociar tarifas fijas ahorra ~20 EUR/mes,Cualquier dia,Manana,Inicio,30,7,2,gasto_evitado_gastos_fijos,satisfying,reflexivo,low